WKT,color
"LINESTRING (10.990780591965 49.467217652233,10.990640994486 49.467259565058)",ff0aff04
"LINESTRING (10.990780591965 49.467217652233,10.990662452157 49.466924884762)",ff0aff04
"LINESTRING (10.990780591965 49.467217652233,10.990710624123 49.467243947026)",ff0aff04
"LINESTRING (11.920686184034 50.309726227797,11.920697633728 50.309767138930)",ff0aff04
"LINESTRING (11.920686184034 50.309726227797,11.920656622240 50.309831557811)",ff0aff04
"LINESTRING (11.920686184034 50.309726227797,11.920712498368 50.309814137687)",ff0aff04
"LINESTRING (10.998186953118 49.463707814345,10.998106998700 49.463686015742)",ff0aff04
"LINESTRING (10.56792754494 50.093549021369,10.566479265682 50.093714748036)",ff79ebff
"LINESTRING (10.56792754494 50.093549021369,10.568053063941 50.093509767116)",ff53acff
"LINESTRING (10.56792754494 50.093549021369,10.568053063941 50.093509767116)",ff0aff04
"LINESTRING (10.56792754494 50.093549021369,10.56795651879 50.093509757894)",ff7cff79
"LINESTRING (10.56792754494 50.093549021369,10.56795651879 50.093509757894)",ff0aff04
"LINESTRING (10.56792754494 50.093549021369,10.566720565257 50.093631607291)",ff7cff79
"LINESTRING (10.56792754494 50.093549021369,10.568013390003 50.093555895082)",ff79ebff
"LINESTRING (10.56792754494 50.093549021369,10.568013390003 50.093555895082)",ff0aff04
"LINESTRING (10.56792754494 50.093549021369,10.566752737393 50.09362473359)",ff0aff04
"LINESTRING (10.566720565257 50.093631607291,10.56795651879 50.093509757894)",ff7cff79
"LINESTRING (10.566720565257 50.093631607291,10.56792754494 50.093549021369)",ff7cff79
"LINESTRING (10.566720565257 50.093631607291,10.568412436833 50.093444406802)",ff79ebff
"LINESTRING (10.566720565257 50.093631607291,10.566752737393 50.09362473359)",ff0aff04
"LINESTRING (11.055852987290 49.446214623155,11.055832553918 49.446179794221)",ff1e1eff
"LINESTRING (11.055852987290 49.446214623155,11.055832553918 49.446179794221)",ff0aff04
"LINESTRING (11.055852987290 49.446214623155,11.055931268830 49.446185319299)",ff0aff04
"LINESTRING (11.055852987290 49.446214623155,11.055853520702 49.446146658295)",ff53acff
"LINESTRING (11.055852987290 49.446214623155,11.055853520702 49.446146658295)",ff0aff04
"LINESTRING (10.828761779265 49.910230128488,10.828742808047 49.910203355343)",ff0aff04
"LINESTRING (10.828761779265 49.910230128488,10.828609164578 49.910264593561)",ff0aff04
"LINESTRING (11.082149942793 49.448860219931,11.082298054000 49.448933363877)",ff0aff04
"LINESTRING (11.082149942793 49.448860219931,11.081777741384 49.448204955863)",ff0aff04
"LINESTRING (11.082149942793 49.448860219931,11.082029869029 49.448727738403)",ff0aff04
"LINESTRING (10.509678060703 50.031500082023,10.509616168251 50.031446485696)",ff53acff
"LINESTRING (10.509678060703 50.031500082023,10.509712821198 50.031443173406)",ff79ebff
"LINESTRING (10.509678060703 50.031500082023,10.512596210265 50.036751556466)",ff7cff79
"LINESTRING (10.509678060703 50.031500082023,10.520334376088 50.035782787925)",ff6a6aff
"LINESTRING (10.568739026210 50.093349199914,10.568053063941 50.093509767116)",ff0aff04
"LINESTRING (10.568739026210 50.093349199914,10.568412436833 50.093444406802)",ff0aff04
"LINESTRING (10.568739026210 50.093349199914,10.568437179027 50.092998374216)",ff0aff04
"LINESTRING (10.568739026210 50.093349199914,10.568013390003 50.093555895082)",ff79ebff
"LINESTRING (10.566752737393 50.09362473359,10.567643579385 50.093910159678)",ff7cff79
"LINESTRING (10.566752737393 50.09362473359,10.56795651879 50.093509757894)",ff79ebff
"LINESTRING (10.566752737393 50.09362473359,10.56792754494 50.093549021369)",ff79ebff
"LINESTRING (10.566752737393 50.09362473359,10.566720565257 50.093631607291)",ff7cff79
"LINESTRING (10.568412436833 50.093444406802,10.568053063941 50.093509767116)",ff7cff79
"LINESTRING (10.568412436833 50.093444406802,10.566720565257 50.093631607291)",ff7cff79
"LINESTRING (10.568412436833 50.093444406802,10.568437179027 50.092998374216)",ff0aff04
"LINESTRING (10.568412436833 50.093444406802,10.568739026210 50.093349199914)",ff0aff04
"LINESTRING (10.568013390003 50.093555895082,10.567643579385 50.093910159678)",ff79ebff
"LINESTRING (10.568013390003 50.093555895082,10.568053063941 50.093509767116)",ff0aff04
"LINESTRING (10.568013390003 50.093555895082,10.568053063941 50.093509767116)",ff0aff04
"LINESTRING (10.568013390003 50.093555895082,10.56795651879 50.093509757894)",ff0aff04
"LINESTRING (10.568013390003 50.093555895082,10.56792754494 50.093549021369)",ff53acff
"LINESTRING (10.568013390003 50.093555895082,10.56792754494 50.093549021369)",ff0aff04
"LINESTRING (10.568013390003 50.093555895082,10.568739026210 50.093349199914)",ff7cff79
"LINESTRING (10.568437179027 50.092998374216,10.56795651879 50.093509757894)",ff4949ff
"LINESTRING (10.568437179027 50.092998374216,10.568412436833 50.093444406802)",ff79ebff
"LINESTRING (10.568437179027 50.092998374216,10.568739026210 50.093349199914)",ff79ebff
"LINESTRING (11.920479895792 50.309827260918,11.920509835977 50.309784071224)",ff0aff04
"LINESTRING (11.920479895792 50.309827260918,11.920656622240 50.309831557811)",ff53acff
"LINESTRING (11.920479895792 50.309827260918,11.920552037651 50.309804473882)",ff0aff04
"LINESTRING (11.920479895792 50.309827260918,11.920552037651 50.309804473882)",ff0aff04
"LINESTRING (10.568053063941 50.093509767116,10.56795651879 50.093509757894)",ff0aff04
"LINESTRING (10.568053063941 50.093509767116,10.56872951646 50.093639112844)",ff0aff04
"LINESTRING (10.568053063941 50.093509767116,10.56792754494 50.093549021369)",ff0aff04
"LINESTRING (10.568053063941 50.093509767116,10.568911894920 50.093722265045)",ff7cff79
"LINESTRING (10.568053063941 50.093509767116,10.568412436833 50.093444406802)",ff0aff04
"LINESTRING (10.568053063941 50.093509767116,10.568437179027 50.092998374216)",ff79ebff
"LINESTRING (10.568053063941 50.093509767116,10.568739026210 50.093349199914)",ff0aff04
"LINESTRING (10.568053063941 50.093509767116,10.568013390003 50.093555895082)",ff7cff79
"LINESTRING (10.568053063941 50.093509767116,10.568013390003 50.093555895082)",ff0aff04
"LINESTRING (10.56795651879 50.093509757894,10.568053063941 50.093509767116)",ff0aff04
"LINESTRING (10.56795651879 50.093509757894,10.56792754494 50.093549021369)",ff7cff79
"LINESTRING (10.56795651879 50.093509757894,10.56792754494 50.093549021369)",ff0aff04
"LINESTRING (10.56795651879 50.093509757894,10.566720565257 50.093631607291)",ff7cff79
"LINESTRING (10.56795651879 50.093509757894,10.568437179027 50.092998374216)",ff7cff79
"LINESTRING (10.56795651879 50.093509757894,10.568013390003 50.093555895082)",ff0aff04
"LINESTRING (10.56795651879 50.093509757894,10.566752737393 50.09362473359)",ff7cff79
"LINESTRING (10.566479265682 50.093714748036,10.56792754494 50.093549021369)",ff7cff79
"LINESTRING (10.981525242529 49.477824904353,10.981609989548 49.477771202119)",ff0aff04
"LINESTRING (10.56872951646 50.093639112844,10.568053063941 50.093509767116)",ff0aff04
"LINESTRING (10.56872951646 50.093639112844,10.568911894920 50.093722265045)",ff0aff04
"LINESTRING (10.56872951646 50.093639112844,10.568013390003 50.093555895082)",ff53acff
"LINESTRING (10.533911030908 50.123538052059,10.532659140882 50.122259633162)",ff79ebff
"LINESTRING (10.533911030908 50.123538052059,10.532584046217 50.122269488188)",ff53acff
"LINESTRING (10.533911030908 50.123538052059,10.534295281195 50.124206301338)",ff7cff79
"LINESTRING (11.920712498368 50.309814137687,11.920697633728 50.309767138930)",ff0aff04
"LINESTRING (11.920712498368 50.309814137687,11.920697633728 50.309767138930)",ff0aff04
"LINESTRING (11.920712498368 50.309814137687,11.920656622240 50.309831557811)",ff0aff04
"LINESTRING (11.920712498368 50.309814137687,11.920661993843 50.309726714928)",ff1e1eff
"LINESTRING (11.920712498368 50.309814137687,11.920686184034 50.309726227797)",ff0aff04
"LINESTRING (10.998161649846 49.463542736190,10.998106998700 49.463686015742)",ff4949ff
"LINESTRING (10.998161649846 49.463542736190,10.998186953118 49.463707814345)",ff4949ff
"LINESTRING (10.990710624123 49.467243947026,10.990640994486 49.467259565058)",ff0aff04
"LINESTRING (10.990710624123 49.467243947026,10.990662452157 49.466924884762)",ff7cff79
"LINESTRING (10.990710624123 49.467243947026,10.990780591965 49.467217652233)",ff0aff04
"LINESTRING (10.997723367389 49.482647508084,10.997638820312 49.482665439484)",ff1e1eff
"LINESTRING (10.997723367389 49.482647508084,10.997638820312 49.482665439484)",ff0aff04
"LINESTRING (11.026212852743 49.575909416763,11.026438230165 49.575872411049)",ff0aff04
"LINESTRING (11.350555584325 49.390744529748,11.350606812195 49.390784524755)",ff0aff04
"LINESTRING (11.283251229722 49.513214537549,11.283374553844 49.513155010611)",ff53acff
"LINESTRING (11.283251229722 49.513214537549,11.283544910050 49.513014280364)",ff1e1eff
"LINESTRING (10.990069035763 49.467614031359,10.990082944091 49.467561371871)",ff1e1eff
"LINESTRING (11.283374553844 49.513155010611,11.283251229722 49.513214537549)",ff7cff79
"LINESTRING (10.976906847395 49.482189664336,10.97717387448 49.482141647415)",ff79ebff
"LINESTRING (11.100010684593 49.463907471524,11.100320530040 49.463890006427)",ff0aff04
"LINESTRING (10.97717387448 49.482141647415,10.976906847395 49.482189664336)",ff79ebff
"LINESTRING (10.194303823714 49.909319129629,10.194545071607 49.908980774858)",ff7cff79
"LINESTRING (11.102169877224 49.462784475988,11.102065977556 49.462707032791)",ff0aff04
"LINESTRING (11.025069347900 49.466837450811,11.025064292503 49.466930662031)",ff0aff04
"LINESTRING (11.025069347900 49.466837450811,11.025300449069 49.464601375683)",ff1e1eff
"LINESTRING (11.102065977556 49.462707032791,11.102089425327 49.462663580938)",ff79ebff
"LINESTRING (11.102065977556 49.462707032791,11.102169877224 49.462784475988)",ff7cff79
"LINESTRING (11.102089425327 49.462663580938,11.101678925177 49.462869721538)",ff7cff79
"LINESTRING (11.102089425327 49.462663580938,11.102169877224 49.462784475988)",ff7cff79
"LINESTRING (11.102089425327 49.462663580938,11.102065977556 49.462707032791)",ff0aff04
"LINESTRING (11.068349875010 49.457075955875,11.068540376529 49.457039518615)",ff1e1eff
"LINESTRING (11.068349875010 49.457075955875,11.068540376529 49.457039518615)",ff0aff04
"LINESTRING (10.990623154452 49.467673883805,10.990607703958 49.467539671289)",ff53acff
"LINESTRING (10.990623154452 49.467673883805,10.990082944091 49.467561371871)",ff4949ff
"LINESTRING (11.059506689379 49.445610469322,11.059433462639 49.445554660915)",ff53acff
"LINESTRING (11.059506689379 49.445610469322,11.060576905151 49.445723812744)",ff1e1eff
"LINESTRING (11.059433462639 49.445554660915,11.059506689379 49.445610469322)",ff79ebff
"LINESTRING (10.990607703958 49.467539671289,10.990623154452 49.467673883805)",ff1e1eff
"LINESTRING (11.025064292503 49.466930662031,11.025069347900 49.466837450811)",ff0aff04
"LINESTRING (10.194545071607 49.908980774858,10.192155359920 49.908690382852)",ff79ebff
"LINESTRING (10.194545071607 49.908980774858,10.194303823714 49.909319129629)",ff0aff04
"LINESTRING (11.068540376529 49.457039518615,11.055931268830 49.446185319299)",ff0aff04
"LINESTRING (11.068540376529 49.457039518615,11.068349875010 49.457075955875)",ff1e1eff
"LINESTRING (11.068540376529 49.457039518615,11.068349875010 49.457075955875)",ff0aff04
"LINESTRING (11.920552037651 50.309804473882,11.920509835977 50.309784071224)",ff0aff04
"LINESTRING (11.920552037651 50.309804473882,11.920479895792 50.309827260918)",ff0aff04
"LINESTRING (11.920552037651 50.309804473882,11.920479895792 50.309827260918)",ff0aff04
"LINESTRING (11.920656622240 50.309831557811,11.920697633728 50.309767138930)",ff0aff04
"LINESTRING (11.920656622240 50.309831557811,11.920697633728 50.309767138930)",ff53acff
"LINESTRING (11.920656622240 50.309831557811,11.920552037651 50.309804473882)",ff53acff
"LINESTRING (11.920656622240 50.309831557811,11.920661993843 50.309726714928)",ff1e1eff
"LINESTRING (11.920656622240 50.309831557811,11.920712498368 50.309814137687)",ff0aff04
"LINESTRING (11.920656622240 50.309831557811,11.920686184034 50.309726227797)",ff0aff04
"LINESTRING (11.034003288123 49.457035678285,11.053242359663 49.450239142540)",ff0aff04
"LINESTRING (11.033663730040 49.456433523359,11.034003288123 49.457035678285)",ff1e1eff
"LINESTRING (11.033663730040 49.456433523359,11.033452519244 49.456212582840)",ff53acff
"LINESTRING (11.082674875620 49.441323431804,11.082597826788 49.441201143067)",ff0aff04
"LINESTRING (11.082674875620 49.441323431804,11.082519999608 49.441460866352)",ff0aff04
"LINESTRING (10.568911894920 50.093722265045,10.568053063941 50.093509767116)",ff6a6aff
"LINESTRING (10.568911894920 50.093722265045,10.56872951646 50.093639112844)",ff53acff
"LINESTRING (9.2894685298446 50.014171816492,9.2894900665691 50.014342992534)",ff0aff04
"LINESTRING (11.025300449069 49.464601375683,11.025069347900 49.466837450811)",ff1e1eff
"LINESTRING (9.2894900665691 50.014342992534,9.2894685298446 50.014171816492)",ff0aff04
"LINESTRING (9.2971210015227 50.011693384122,9.2971075832894 50.011760261754)",ff0aff04
"LINESTRING (9.2971210015227 50.011693384122,9.2968875774726 50.011694480664)",ff53acff
"LINESTRING (10.251037815366 50.067609521869,10.251386531287 50.067659208272)",ff0aff04
"LINESTRING (11.055931268830 49.446185319299,11.055832553918 49.446179794221)",ff0aff04
"LINESTRING (11.055931268830 49.446185319299,11.068540376529 49.457039518615)",ff0aff04
"LINESTRING (11.055931268830 49.446185319299,11.055852987290 49.446214623155)",ff0aff04
"LINESTRING (11.055931268830 49.446185319299,11.053242359663 49.450239142540)",ff53acff
"LINESTRING (11.055931268830 49.446185319299,11.055853520702 49.446146658295)",ff0aff04
"LINESTRING (9.2968875774726 50.011694480664,9.2971210015227 50.011693384122)",ff0aff04
"LINESTRING (9.2971075832894 50.011760261754,9.2971210015227 50.011693384122)",ff0aff04
"LINESTRING (11.244030365864 49.730285680305,11.245163919204 49.731102466268)",ff0aff04
"LINESTRING (11.245163919204 49.731102466268,11.244030365864 49.730285680305)",ff0aff04
"LINESTRING (11.183526439835 49.785386061666,11.183690169571 49.785292369703)",ff0aff04
"LINESTRING (11.183526439835 49.785386061666,11.183464799335 49.785295803565)",ff7cff79
"LINESTRING (60.714322132106 80.530168460601,60.831106154415 80.622391278514)",ff0aff04
"LINESTRING (11.100320530040 49.463890006427,11.100010684593 49.463907471524)",ff0aff04
"LINESTRING (11.021630480652 49.551938733518,11.023405500701 49.552979880411)",ff0aff04
"LINESTRING (11.021630480652 49.551938733518,11.021577578889 49.551923699297)",ff7cff79
"LINESTRING (10.990082944091 49.467561371871,10.990623154452 49.467673883805)",ff6a6aff
"LINESTRING (10.990082944091 49.467561371871,10.990069035763 49.467614031359)",ff53acff
"LINESTRING (10.990082944091 49.467561371871,10.990662452157 49.466924884762)",ff1e1eff
"LINESTRING (10.567643579385 50.093910159678,10.566720565257 50.093631607291)",ff6a6aff
"LINESTRING (10.567643579385 50.093910159678,10.568013390003 50.093555895082)",ff53acff
"LINESTRING (10.567643579385 50.093910159678,10.566752737393 50.09362473359)",ff53acff
"LINESTRING (11.920661993843 50.309726714928,11.920697633728 50.309767138930)",ff6a6aff
"LINESTRING (11.920661993843 50.309726714928,11.920656622240 50.309831557811)",ff6a6aff
"LINESTRING (11.920661993843 50.309726714928,11.920712498368 50.309814137687)",ff6a6aff
"LINESTRING (11.920661993843 50.309726714928,11.920686184034 50.309726227797)",ff6a6aff
"LINESTRING (10.078174930954 49.139312572247,10.078141010440 49.139362579462)",ff7cff79
"LINESTRING (10.078174930954 49.139312572247,10.078261480686 49.139316214553)",ff0aff04
"LINESTRING (10.078174930954 49.139312572247,10.078261480686 49.139316214553)",ff0aff04
"LINESTRING (10.078174930954 49.139312572247,10.078316024579 49.139406582068)",ff0aff04
"LINESTRING (10.065296958734 49.143770734612,10.065375429536 49.143855438348)",ff4949ff
"LINESTRING (10.251386531287 50.067659208272,10.251037815366 50.067609521869)",ff0aff04
"LINESTRING (10.078141010440 49.139362579462,10.078316024579 49.139406582068)",ff0aff04
"LINESTRING (10.065375429536 49.143855438348,10.065296958734 49.143770734612)",ff79ebff
"LINESTRING (11.075663036431 49.455889326286,11.075650869508 49.455823396849)",ff53acff
"LINESTRING (11.075650869508 49.455823396849,11.075663036431 49.455889326286)",ff79ebff
"LINESTRING (11.075650869508 49.455823396849,11.074909245901 49.455830656882)",ff7cff79
"LINESTRING (11.327319619653 49.198486843110,11.327209742509 49.198556231336)",ff0aff04
"LINESTRING (11.327319619653 49.198486843110,11.327199116634 49.198746984742)",ff0aff04
"LINESTRING (11.327319619653 49.198486843110,11.326238885805 49.198172658258)",ff79ebff
"LINESTRING (11.327319619653 49.198486843110,11.327563976108 49.198490168458)",ff0aff04
"LINESTRING (11.327199116634 49.198746984742,11.327209742509 49.198556231336)",ff7cff79
"LINESTRING (11.326827716924 49.198260975009,11.327209742509 49.198556231336)",ff7cff79
"LINESTRING (11.326827716924 49.198260975009,11.327048991976 49.198374163864)",ff0aff04
"LINESTRING (11.326827716924 49.198260975009,11.326238885805 49.198172658258)",ff7cff79
"LINESTRING (11.326827716924 49.198260975009,11.326796864332 49.198226391802)",ff0aff04
"LINESTRING (11.327209742509 49.198556231336,11.327319619653 49.198486843110)",ff0aff04
"LINESTRING (11.327209742509 49.198556231336,11.327199116634 49.198746984742)",ff0aff04
"LINESTRING (11.327209742509 49.198556231336,11.326238885805 49.198172658258)",ff79ebff
"LINESTRING (11.327209742509 49.198556231336,11.327563976108 49.198490168458)",ff7cff79
"LINESTRING (10.515806685094 50.026254851403,10.515629101714 50.026300890994)",ff79ebff
"LINESTRING (10.515806685094 50.026254851403,10.515770947097 50.026235582881)",ff0aff04
"LINESTRING (10.515806685094 50.026254851403,10.516281088853 50.025988071795)",ff0aff04
"LINESTRING (10.515806685094 50.026254851403,10.515627113639 50.026398888728)",ff7cff79
"LINESTRING (11.034862524206 49.591156311612,11.034815238260 49.591138425180)",ff0aff04
"LINESTRING (11.034862524206 49.591156311612,11.034804856712 49.591176683461)",ff0aff04
"LINESTRING (11.034862524206 49.591156311612,11.035051853818 49.591196700866)",ff0aff04
"LINESTRING (11.034862524206 49.591156311612,11.034869316514 49.591122437390)",ff0aff04
"LINESTRING (9.9276573645530 49.797143643157,9.9277198632183 49.797039586568)",ff1e1eff
"LINESTRING (9.9277198632183 49.797039586568,9.9276573645530 49.797143643157)",ff1e1eff
"LINESTRING (10.520278951355 50.035814110989,10.520344566075 50.035830938974)",ff0aff04
"LINESTRING (10.520278951355 50.035814110989,10.520334376088 50.035782787925)",ff0aff04
"LINESTRING (10.078261480686 49.139316214553,10.078174930954 49.139312572247)",ff0aff04
"LINESTRING (10.078261480686 49.139316214553,10.078316024579 49.139406582068)",ff0aff04
"LINESTRING (10.516281088853 50.025988071795,10.515629101714 50.026300890994)",ff53acff
"LINESTRING (10.516281088853 50.025988071795,10.515770947097 50.026235582881)",ff0aff04
"LINESTRING (10.516281088853 50.025988071795,10.509712821198 50.031443173406)",ff1e1eff
"LINESTRING (10.516281088853 50.025988071795,10.515806685094 50.026254851403)",ff79ebff
"LINESTRING (10.537983996327 50.100464818500,10.538239695020 50.100541284647)",ff0aff04
"LINESTRING (10.538239695020 50.100541284647,10.537983996327 50.100464818500)",ff0aff04
"LINESTRING (11.327563976108 49.198490168458,11.327209742509 49.198556231336)",ff0aff04
"LINESTRING (11.327563976108 49.198490168458,11.327319619653 49.198486843110)",ff0aff04
"LINESTRING (11.326796864332 49.198226391802,11.326827716924 49.198260975009)",ff79ebff
"LINESTRING (11.326796864332 49.198226391802,11.327048991976 49.198374163864)",ff79ebff
"LINESTRING (11.326796864332 49.198226391802,11.326238885805 49.198172658258)",ff7cff79
"LINESTRING (11.186281090055 49.780196831120,11.186340213637 49.780116162743)",ff7cff79
"LINESTRING (11.183464799335 49.785295803565,11.183526439835 49.785386061666)",ff0aff04
"LINESTRING (11.183464799335 49.785295803565,11.183690169571 49.785292369703)",ff0aff04
"LINESTRING (11.183690169571 49.785292369703,11.183526439835 49.785386061666)",ff0aff04
"LINESTRING (11.183690169571 49.785292369703,11.183464799335 49.785295803565)",ff0aff04
"LINESTRING (11.186340213637 49.780116162743,11.186281090055 49.780196831120)",ff0aff04
"LINESTRING (11.920509835977 50.309784071224,11.920552037651 50.309804473882)",ff0aff04
"LINESTRING (11.920509835977 50.309784071224,11.920479895792 50.309827260918)",ff0aff04
"LINESTRING (10.963566898789 49.597101500856,10.963592784426 49.597167763181)",ff0aff04
"LINESTRING (11.920697633728 50.309767138930,11.920656622240 50.309831557811)",ff0aff04
"LINESTRING (11.920697633728 50.309767138930,11.920661993843 50.309726714928)",ff1e1eff
"LINESTRING (11.920697633728 50.309767138930,11.920712498368 50.309814137687)",ff0aff04
"LINESTRING (11.920697633728 50.309767138930,11.920686184034 50.309726227797)",ff0aff04
"LINESTRING (10.981609989548 49.477771202119,10.981525242529 49.477824904353)",ff0aff04
"LINESTRING (11.005627045808 49.594882828427,11.005447476359 49.594941665431)",ff0aff04
"LINESTRING (11.005627045808 49.594882828427,11.005522765992 49.594916546300)",ff7cff79
"LINESTRING (11.005627045808 49.594882828427,11.005522765992 49.594916546300)",ff0aff04
"LINESTRING (11.005447476359 49.594941665431,11.005627045808 49.594882828427)",ff7cff79
"LINESTRING (11.005447476359 49.594941665431,11.005627045808 49.594882828427)",ff0aff04
"LINESTRING (11.005447476359 49.594941665431,11.005508258320 49.594950811572)",ff0aff04
"LINESTRING (11.005447476359 49.594941665431,11.005522765992 49.594916546300)",ff0aff04
"LINESTRING (11.005447476359 49.594941665431,11.005522765992 49.594916546300)",ff0aff04
"LINESTRING (11.034804856712 49.591176683461,11.034688136607 49.591140778651)",ff0aff04
"LINESTRING (11.034804856712 49.591176683461,11.034862524206 49.591156311612)",ff0aff04
"LINESTRING (11.034804856712 49.591176683461,11.034815238260 49.591138425180)",ff0aff04
"LINESTRING (11.034804856712 49.591176683461,11.035051853818 49.591196700866)",ff0aff04
"LINESTRING (11.034804856712 49.591176683461,11.034869316514 49.591122437390)",ff0aff04
"LINESTRING (10.974855534625 49.478257850026,10.974920517143 49.478231167848)",ff0aff04
"LINESTRING (10.512794708107 50.036744656144,10.512596210265 50.036751556466)",ff7cff79
"LINESTRING (10.515552004599 50.026455164728,10.515629101714 50.026300890994)",ff7cff79
"LINESTRING (10.515552004599 50.026455164728,10.512150977942 50.030120676764)",ff0aff04
"LINESTRING (10.515552004599 50.026455164728,10.515770947097 50.026235582881)",ff7cff79
"LINESTRING (10.515552004599 50.026455164728,10.509712821198 50.031443173406)",ff7cff79
"LINESTRING (10.515552004599 50.026455164728,10.515627113639 50.026398888728)",ff0aff04
"LINESTRING (10.515552004599 50.026455164728,10.515806685094 50.026254851403)",ff0aff04
"LINESTRING (11.005522765992 49.594916546300,11.005627045808 49.594882828427)",ff7cff79
"LINESTRING (11.005522765992 49.594916546300,11.005627045808 49.594882828427)",ff0aff04
"LINESTRING (11.005522765992 49.594916546300,11.005447476359 49.594941665431)",ff0aff04
"LINESTRING (11.005522765992 49.594916546300,11.005508258320 49.594950811572)",ff0aff04
"LINESTRING (11.005508258320 49.594950811572,11.005447476359 49.594941665431)",ff0aff04
"LINESTRING (11.005508258320 49.594950811572,11.005522765992 49.594916546300)",ff0aff04
"LINESTRING (11.034815238260 49.591138425180,11.034688136607 49.591140778651)",ff0aff04
"LINESTRING (11.034815238260 49.591138425180,11.034862524206 49.591156311612)",ff0aff04
"LINESTRING (11.034815238260 49.591138425180,11.034804856712 49.591176683461)",ff0aff04
"LINESTRING (11.034815238260 49.591138425180,11.035051853818 49.591196700866)",ff0aff04
"LINESTRING (11.034815238260 49.591138425180,11.034869316514 49.591122437390)",ff0aff04
"LINESTRING (11.041360103678 49.653638360138,11.041361437597 49.653677348774)",ff0aff04
"LINESTRING (11.041360103678 49.653638360138,11.041312129660 49.653690546021)",ff0aff04
"LINESTRING (11.041360103678 49.653638360138,11.041315571806 49.653656308434)",ff0aff04
"LINESTRING (11.041361437597 49.653677348774,11.041360103678 49.653638360138)",ff0aff04
"LINESTRING (11.041361437597 49.653677348774,11.041312129660 49.653690546021)",ff0aff04
"LINESTRING (11.041361437597 49.653677348774,11.041315571806 49.653656308434)",ff0aff04
"LINESTRING (10.078316024579 49.139406582068,10.078174930954 49.139312572247)",ff0aff04
"LINESTRING (10.078316024579 49.139406582068,10.078261480686 49.139316214553)",ff79ebff
"LINESTRING (10.078316024579 49.139406582068,10.078261480686 49.139316214553)",ff0aff04
"LINESTRING (10.515627113639 50.026398888728,10.515629101714 50.026300890994)",ff0aff04
"LINESTRING (10.515627113639 50.026398888728,10.515552004599 50.026455164728)",ff0aff04
"LINESTRING (10.515627113639 50.026398888728,10.515770947097 50.026235582881)",ff7cff79
"LINESTRING (10.515627113639 50.026398888728,10.515806685094 50.026254851403)",ff0aff04
"LINESTRING (11.035051853818 49.591196700866,11.034688136607 49.591140778651)",ff0aff04
"LINESTRING (11.035051853818 49.591196700866,11.034862524206 49.591156311612)",ff0aff04
"LINESTRING (11.035051853818 49.591196700866,11.034815238260 49.591138425180)",ff0aff04
"LINESTRING (11.035051853818 49.591196700866,11.034804856712 49.591176683461)",ff0aff04
"LINESTRING (11.035051853818 49.591196700866,11.034869316514 49.591122437390)",ff7cff79
"LINESTRING (11.041315571806 49.653656308434,11.041361437597 49.653677348774)",ff0aff04
"LINESTRING (11.041315571806 49.653656308434,11.041360103678 49.653638360138)",ff0aff04
"LINESTRING (11.041315571806 49.653656308434,11.041312129660 49.653690546021)",ff7cff79
"LINESTRING (10.986885822810 49.479674291078,10.986920790328 49.479875247205)",ff7cff79
"LINESTRING (11.034869316514 49.591122437390,11.034688136607 49.591140778651)",ff7cff79
"LINESTRING (11.034869316514 49.591122437390,11.034862524206 49.591156311612)",ff0aff04
"LINESTRING (11.034869316514 49.591122437390,11.034815238260 49.591138425180)",ff0aff04
"LINESTRING (11.034869316514 49.591122437390,11.034804856712 49.591176683461)",ff0aff04
"LINESTRING (11.034869316514 49.591122437390,11.035051853818 49.591196700866)",ff0aff04
"LINESTRING (11.326238885805 49.198172658258,11.327209742509 49.198556231336)",ff53acff
"LINESTRING (11.326238885805 49.198172658258,11.326827716924 49.198260975009)",ff7cff79
"LINESTRING (11.326238885805 49.198172658258,11.327319619653 49.198486843110)",ff53acff
"LINESTRING (11.326238885805 49.198172658258,11.326796864332 49.198226391802)",ff0aff04
"LINESTRING (12.875266516523 47.722319513409,12.876126614774 47.722415519591)",ff53acff
"LINESTRING (11.929777826066 49.547877077487,11.929843231235 49.547945365191)",ff0aff04
"LINESTRING (11.929777826066 49.547877077487,11.929843231235 49.547945365191)",ff0aff04
"LINESTRING (11.929777826066 49.547877077487,11.929869021172 49.547872183033)",ff0aff04
"LINESTRING (11.929777826066 49.547877077487,11.929869021172 49.547872183033)",ff0aff04
"LINESTRING (11.929843231235 49.547945365191,11.929869021172 49.547872183033)",ff0aff04
"LINESTRING (11.929843231235 49.547945365191,11.929869021172 49.547872183033)",ff0aff04
"LINESTRING (11.929843231235 49.547945365191,11.929777826066 49.547877077487)",ff0aff04
"LINESTRING (11.929843231235 49.547945365191,11.929777826066 49.547877077487)",ff0aff04
"LINESTRING (11.021577578889 49.551923699297,11.021630480652 49.551938733518)",ff0aff04
"LINESTRING (12.981615148435 47.841185174490,12.981502560336 47.841011714516)",ff7cff79
"LINESTRING (10.963592784426 49.597167763181,10.963566898789 49.597101500856)",ff0aff04
"LINESTRING (10.515770947097 50.026235582881,10.515629101714 50.026300890994)",ff0aff04
"LINESTRING (10.515770947097 50.026235582881,10.516281088853 50.025988071795)",ff0aff04
"LINESTRING (10.515770947097 50.026235582881,10.515627113639 50.026398888728)",ff0aff04
"LINESTRING (10.515770947097 50.026235582881,10.515806685094 50.026254851403)",ff0aff04
"LINESTRING (11.327048991976 49.198374163864,11.326827716924 49.198260975009)",ff0aff04
"LINESTRING (11.327048991976 49.198374163864,11.326796864332 49.198226391802)",ff7cff79
"LINESTRING (11.041312129660 49.653690546021,11.041361437597 49.653677348774)",ff0aff04
"LINESTRING (11.041312129660 49.653690546021,11.041360103678 49.653638360138)",ff7cff79
"LINESTRING (11.041312129660 49.653690546021,11.041315571806 49.653656308434)",ff0aff04
"LINESTRING (10.984826782481 49.475033881086,10.984801696101 49.475135015910)",ff7cff79
"LINESTRING (11.929869021172 49.547872183033,11.929843231235 49.547945365191)",ff0aff04
"LINESTRING (11.929869021172 49.547872183033,11.929843231235 49.547945365191)",ff0aff04
"LINESTRING (11.929869021172 49.547872183033,11.929777826066 49.547877077487)",ff0aff04
"LINESTRING (11.929869021172 49.547872183033,11.929777826066 49.547877077487)",ff0aff04
"LINESTRING (11.350606812195 49.390784524755,11.350555584325 49.390744529748)",ff0aff04
"LINESTRING (11.242361829976 49.500843085414,11.242560020894 49.500782467468)",ff7cff79
"LINESTRING (11.242361829976 49.500843085414,11.242584042688 49.500867099561)",ff0aff04
"LINESTRING (11.242361829976 49.500843085414,11.242505756648 49.500825809759)",ff0aff04
"LINESTRING (10.505244296914 50.031244384795,10.505220157035 50.031364016198)",ff0aff04
"LINESTRING (10.505244296914 50.031244384795,10.505233519623 50.031366574210)",ff0aff04
"LINESTRING (11.030853962833 49.545463669021,11.030824458535 49.545380770927)",ff0aff04
"LINESTRING (11.030824458535 49.545380770927,11.030853962833 49.545463669021)",ff0aff04
"LINESTRING (11.242505756648 49.500825809759,11.242560020894 49.500782467468)",ff0aff04
"LINESTRING (11.242505756648 49.500825809759,11.242584042688 49.500867099561)",ff0aff04
"LINESTRING (11.242505756648 49.500825809759,11.242361829976 49.500843085414)",ff0aff04
"LINESTRING (11.267096241704 49.504518558229,11.267259885203 49.504478478271)",ff0aff04
"LINESTRING (10.984801696101 49.475135015910,10.984826782481 49.475033881086)",ff79ebff
"LINESTRING (10.984801696101 49.475135015910,10.985111123246 49.475263934562)",ff0aff04
"LINESTRING (11.056065393655 49.446112605069,11.055852987290 49.446214623155)",ff1e1eff
"LINESTRING (11.056065393655 49.446112605069,11.055853520702 49.446146658295)",ff1e1eff
"LINESTRING (10.985111123246 49.475263934562,10.984801696101 49.475135015910)",ff7cff79
"LINESTRING (11.005096709664 49.591707536971,11.005032336647 49.591705740341)",ff0aff04
"LINESTRING (11.005032336647 49.591705740341,11.005096709664 49.591707536971)",ff0aff04
"LINESTRING (10.505233519623 50.031366574210,10.505220157035 50.031364016198)",ff0aff04
"LINESTRING (10.505233519623 50.031366574210,10.505220157035 50.031364016198)",ff0aff04
"LINESTRING (10.505233519623 50.031366574210,10.505244296914 50.031244384795)",ff0aff04
"LINESTRING (11.055853520702 49.446146658295,11.055832553918 49.446179794221)",ff0aff04
"LINESTRING (11.055853520702 49.446146658295,11.055931268830 49.446185319299)",ff0aff04
"LINESTRING (11.055853520702 49.446146658295,11.055852987290 49.446214623155)",ff1e1eff
"LINESTRING (11.055853520702 49.446146658295,11.055852987290 49.446214623155)",ff0aff04
"LINESTRING (11.055853520702 49.446146658295,11.056065393655 49.446112605069)",ff53acff
"LINESTRING (11.118730804367 49.435056957469,11.118827077711 49.435124270518)",ff0aff04
"LINESTRING (11.118730804367 49.435056957469,11.118827077711 49.435124270518)",ff0aff04
"LINESTRING (11.118730804367 49.435056957469,11.118657427784 49.435126747367)",ff0aff04
"LINESTRING (11.118730804367 49.435056957469,11.118748884159 49.435133694196)",ff0aff04
"LINESTRING (11.118730804367 49.435056957469,11.118684430881 49.435193678151)",ff0aff04
"LINESTRING (12.857249680335 47.803357239728,12.857142413534 47.803261065900)",ff0aff04
"LINESTRING (60.831106154415 80.622391278514,60.714322132106 80.530168460601)",ff0aff04
"LINESTRING (11.029044834413 49.408247717643,11.029122625661 49.408339249655)",ff0aff04
"LINESTRING (11.029044834413 49.408247717643,11.029146963488 49.408263785658)",ff7cff79
"LINESTRING (11.029122625661 49.408339249655,11.029044834413 49.408247717643)",ff7cff79
"LINESTRING (11.029122625661 49.408339249655,11.029146963488 49.408263785658)",ff79ebff
"LINESTRING (10.509616168251 50.031446485696,10.509712821198 50.031443173406)",ff7cff79
"LINESTRING (10.509616168251 50.031446485696,10.509712821198 50.031443173406)",ff0aff04
"LINESTRING (10.509616168251 50.031446485696,10.509130810591 50.031317615582)",ff0aff04
"LINESTRING (10.509616168251 50.031446485696,10.509678060703 50.031500082023)",ff0aff04
"LINESTRING (11.072346423935 49.455029780575,11.072188180788 49.455097511170)",ff0aff04
"LINESTRING (11.060808901857 49.445722114550,11.060651978257 49.445747084387)",ff0aff04
"LINESTRING (11.060808901857 49.445722114550,11.060833676357 49.445702782571)",ff7cff79
"LINESTRING (11.118684430881 49.435193678151,11.118827077711 49.435124270518)",ff0aff04
"LINESTRING (11.118684430881 49.435193678151,11.118657427784 49.435126747367)",ff0aff04
"LINESTRING (11.118684430881 49.435193678151,11.118748884159 49.435133694196)",ff0aff04
"LINESTRING (11.118684430881 49.435193678151,11.118730804367 49.435056957469)",ff0aff04
"LINESTRING (11.340615605175 49.604170961366,11.340733636745 49.604052059559)",ff0aff04
"LINESTRING (11.003711816464 49.468166143890,11.003650111284 49.468073130299)",ff0aff04
"LINESTRING (11.003711816464 49.468166143890,11.003615256939 49.468081226348)",ff0aff04
"LINESTRING (11.003650111284 49.468073130299,11.003711816464 49.468166143890)",ff0aff04
"LINESTRING (11.003650111284 49.468073130299,11.003615256939 49.468081226348)",ff0aff04
"LINESTRING (11.003650111284 49.468073130299,11.003558937736 49.468047347617)",ff0aff04
"LINESTRING (11.003558937736 49.468047347617,11.003650111284 49.468073130299)",ff0aff04
"LINESTRING (11.003558937736 49.468047347617,11.003615256939 49.468081226348)",ff0aff04
"LINESTRING (11.003615256939 49.468081226348,11.003711816464 49.468166143890)",ff7cff79
"LINESTRING (11.003615256939 49.468081226348,11.003650111284 49.468073130299)",ff0aff04
"LINESTRING (11.003615256939 49.468081226348,11.003558937736 49.468047347617)",ff0aff04
"LINESTRING (11.141772707699 50.051096658056,11.141729785168 50.051155222970)",ff0aff04
"LINESTRING (11.141772707699 50.051096658056,11.141820973090 50.051058781177)",ff0aff04
"LINESTRING (11.141729785168 50.051155222970,11.141772707699 50.051096658056)",ff0aff04
"LINESTRING (11.141729785168 50.051155222970,11.141820973090 50.051058781177)",ff0aff04
"LINESTRING (11.141820973090 50.051058781177,11.141729785168 50.051155222970)",ff0aff04
"LINESTRING (11.141820973090 50.051058781177,11.141772707699 50.051096658056)",ff0aff04
"LINESTRING (11.060576905151 49.445723812744,11.060651978257 49.445747084387)",ff7cff79
"LINESTRING (11.060576905151 49.445723812744,11.053242359663 49.450239142540)",ff6a6aff
"LINESTRING (11.060576905151 49.445723812744,11.060833676357 49.445702782571)",ff6a6aff
"LINESTRING (11.353858187159 49.385904009511,11.354211693923 49.386131618206)",ff53acff
"LINESTRING (10.986904718631 49.479970208711,10.986920790328 49.479875247205)",ff79ebff
"LINESTRING (11.354152670953 49.386206719376,11.354211693923 49.386131618206)",ff0aff04
"LINESTRING (11.354211693923 49.386131618206,11.353858187159 49.385904009511)",ff7cff79
"LINESTRING (11.354211693923 49.386131618206,11.354152670953 49.386206719376)",ff0aff04
"LINESTRING (10.968332968684 49.566381078604,10.968477851090 49.566593280313)",ff0aff04
"LINESTRING (10.509712821198 50.031443173406,10.515552004599 50.026455164728)",ff53acff
"LINESTRING (10.509712821198 50.031443173406,10.509616168251 50.031446485696)",ff0aff04
"LINESTRING (10.509712821198 50.031443173406,10.509678060703 50.031500082023)",ff0aff04
"LINESTRING (11.053155139381 49.450301907297,11.053243645095 49.450160008995)",ff0aff04
"LINESTRING (11.053155139381 49.450301907297,11.053243645095 49.450160008995)",ff0aff04
"LINESTRING (11.053155139381 49.450301907297,11.053088062596 49.450200785226)",ff53acff
"LINESTRING (11.053155139381 49.450301907297,11.053088062596 49.450200785226)",ff0aff04
"LINESTRING (11.053155139381 49.450301907297,11.053242359663 49.450239142540)",ff0aff04
"LINESTRING (11.053088062596 49.450200785226,11.053243645095 49.450160008995)",ff7cff79
"LINESTRING (11.053088062596 49.450200785226,11.053243645095 49.450160008995)",ff0aff04
"LINESTRING (11.053088062596 49.450200785226,11.053155139381 49.450301907297)",ff0aff04
"LINESTRING (11.053088062596 49.450200785226,11.053155139381 49.450301907297)",ff0aff04
"LINESTRING (11.053088062596 49.450200785226,11.053242359663 49.450239142540)",ff0aff04
"LINESTRING (11.053242359663 49.450239142540,11.053243645095 49.450160008995)",ff0aff04
"LINESTRING (11.053242359663 49.450239142540,11.034003288123 49.457035678285)",ff0aff04
"LINESTRING (11.053242359663 49.450239142540,11.053088062596 49.450200785226)",ff0aff04
"LINESTRING (11.053242359663 49.450239142540,11.053155139381 49.450301907297)",ff0aff04
"LINESTRING (11.053242359663 49.450239142540,11.055931268830 49.446185319299)",ff0aff04
"LINESTRING (11.053242359663 49.450239142540,11.060576905151 49.445723812744)",ff1e1eff
"LINESTRING (11.089671298130 49.466811976371,11.089809721608 49.466785699018)",ff0aff04
"LINESTRING (11.190314959935 49.787040394459,11.190484305617 49.786815921574)",ff0aff04
"LINESTRING (11.190314959935 49.787040394459,11.190419875108 49.786846841108)",ff0aff04
"LINESTRING (11.190314959935 49.787040394459,11.190441383086 49.787138025767)",ff0aff04
"LINESTRING (11.186967843359 49.780214889190,11.186943746598 49.780126762244)",ff79ebff
"LINESTRING (11.186943746598 49.780126762244,11.187370260951 49.779739119520)",ff4949ff
"LINESTRING (11.186943746598 49.780126762244,11.186967843359 49.780214889190)",ff0aff04
"LINESTRING (11.034688136607 49.591140778651,11.034815238260 49.591138425180)",ff79ebff
"LINESTRING (11.034688136607 49.591140778651,11.034804856712 49.591176683461)",ff7cff79
"LINESTRING (11.034688136607 49.591140778651,11.035051853818 49.591196700866)",ff7cff79
"LINESTRING (11.060651978257 49.445747084387,11.060808901857 49.445722114550)",ff7cff79
"LINESTRING (11.060651978257 49.445747084387,11.060576905151 49.445723812744)",ff7cff79
"LINESTRING (10.532605518262 50.122272680113,10.532659140882 50.122259633162)",ff7cff79
"LINESTRING (10.532605518262 50.122272680113,10.532641769001 50.122208047101)",ff7cff79
"LINESTRING (10.532605518262 50.122272680113,10.532584046217 50.122269488188)",ff79ebff
"LINESTRING (11.047525204216 49.722541777797,11.047256291201 49.722445551812)",ff0aff04
"LINESTRING (11.047525204216 49.722541777797,11.047369707962 49.722528184301)",ff0aff04
"LINESTRING (11.047525204216 49.722541777797,11.047503825598 49.722587136330)",ff7cff79
"LINESTRING (11.072188180788 49.455097511170,11.072346423935 49.455029780575)",ff0aff04
"LINESTRING (11.026438230165 49.575872411049,11.026212852743 49.575909416763)",ff0aff04
"LINESTRING (11.049115811658 49.723190585064,11.047503825598 49.722587136330)",ff53acff
"LINESTRING (9.7837806889502 50.166317727248,9.7836360868263 50.166288888064)",ff0aff04
"LINESTRING (9.7837806889502 50.166317727248,9.7836360868263 50.166288888064)",ff0aff04
"LINESTRING (11.082519999608 49.441460866352,11.082674875620 49.441323431804)",ff7cff79
"LINESTRING (11.082519999608 49.441460866352,11.082450305294 49.441591835416)",ff0aff04
"LINESTRING (11.235197351714 49.251260183598,11.235316641296 49.251153780094)",ff0aff04
"LINESTRING (11.235316641296 49.251153780094,11.235197351714 49.251260183598)",ff0aff04
"LINESTRING (11.047369707962 49.722528184301,11.047525204216 49.722541777797)",ff0aff04
"LINESTRING (11.047369707962 49.722528184301,11.047256291201 49.722445551812)",ff0aff04
"LINESTRING (11.047256291201 49.722445551812,11.047525204216 49.722541777797)",ff7cff79
"LINESTRING (11.047256291201 49.722445551812,11.047369707962 49.722528184301)",ff0aff04
"LINESTRING (9.9149543364200 49.799846056874,9.9131546891561 49.798666384822)",ff53acff
"LINESTRING (11.082597826788 49.441201143067,11.082674875620 49.441323431804)",ff0aff04
"LINESTRING (11.101678925177 49.462869721538,11.102089425327 49.462663580938)",ff6a6aff
"LINESTRING (12.876126614774 47.722415519591,12.876405989876 47.722315378188)",ff7cff79
"LINESTRING (12.876126614774 47.722415519591,12.875266516523 47.722319513409)",ff6a6aff
"LINESTRING (12.857142413534 47.803261065900,12.857249680335 47.803357239728)",ff0aff04
"LINESTRING (12.875263439198 47.726370358394,12.875267415102 47.726501862062)",ff7cff79
"LINESTRING (12.876184742060 47.726042008581,12.875267415102 47.726501862062)",ff1e1eff
"LINESTRING (11.053243645095 49.450160008995,11.055832553918 49.446179794221)",ff1e1eff
"LINESTRING (11.053243645095 49.450160008995,11.053088062596 49.450200785226)",ff79ebff
"LINESTRING (11.053243645095 49.450160008995,11.053155139381 49.450301907297)",ff79ebff
"LINESTRING (11.053243645095 49.450160008995,11.053088062596 49.450200785226)",ff0aff04
"LINESTRING (11.053243645095 49.450160008995,11.053155139381 49.450301907297)",ff0aff04
"LINESTRING (11.053243645095 49.450160008995,11.053242359663 49.450239142540)",ff0aff04
"LINESTRING (10.191718159848 49.912909606297,10.191423138418 49.913006280339)",ff0aff04
"LINESTRING (10.192871552844 49.908731271976,10.192155359920 49.908690382852)",ff7cff79
"LINESTRING (10.192155359920 49.908690382852,10.194545071607 49.908980774858)",ff53acff
"LINESTRING (10.192155359920 49.908690382852,10.192871552844 49.908731271976)",ff7cff79
"LINESTRING (10.712603028349 49.907220615170,10.712621846931 49.907303503276)",ff7cff79
"LINESTRING (12.876485566147 47.722398464961,12.876697016742 47.722391019851)",ff0aff04
"LINESTRING (12.876485566147 47.722398464961,12.876405989876 47.722315378188)",ff1e1eff
"LINESTRING (10.982905496499 49.477250118124,10.982851845134 49.477194354280)",ff7cff79
"LINESTRING (12.876673912827 47.724465994424,12.876857956468 47.724324477682)",ff0aff04
"LINESTRING (10.512150977942 50.030120676764,10.515552004599 50.026455164728)",ff4949ff
"LINESTRING (11.118827077711 49.435124270518,11.118657427784 49.435126747367)",ff0aff04
"LINESTRING (11.118827077711 49.435124270518,11.118748884159 49.435133694196)",ff0aff04
"LINESTRING (11.118827077711 49.435124270518,11.118730804367 49.435056957469)",ff0aff04
"LINESTRING (11.118827077711 49.435124270518,11.118730804367 49.435056957469)",ff0aff04
"LINESTRING (11.118827077711 49.435124270518,11.118684430881 49.435193678151)",ff0aff04
"LINESTRING (10.982851845134 49.477194354280,10.982905496499 49.477250118124)",ff79ebff
"LINESTRING (10.828609164578 49.910264593561,10.828761779265 49.910230128488)",ff0aff04
"LINESTRING (10.828609164578 49.910264593561,10.828742808047 49.910203355343)",ff0aff04
"LINESTRING (10.191876676012 49.907207085776,10.192155359920 49.908690382852)",ff79ebff
"LINESTRING (11.701909389364 50.327644348195,11.701647409084 50.327731511343)",ff0aff04
"LINESTRING (10.191423138418 49.913006280339,10.191718159848 49.912909606297)",ff0aff04
"LINESTRING (10.988013761753 49.478488923702,10.987932004685 49.478455806537)",ff1e1eff
"LINESTRING (10.988013761753 49.478488923702,10.988175049734 49.478515409948)",ff53acff
"LINESTRING (11.118657427784 49.435126747367,11.118827077711 49.435124270518)",ff0aff04
"LINESTRING (11.118657427784 49.435126747367,11.118730804367 49.435056957469)",ff7cff79
"LINESTRING (10.712621846931 49.907303503276,10.712603028349 49.907220615170)",ff0aff04
"LINESTRING (11.242560020894 49.500782467468,11.242584042688 49.500867099561)",ff0aff04
"LINESTRING (11.242560020894 49.500782467468,11.242361829976 49.500843085414)",ff79ebff
"LINESTRING (11.242560020894 49.500782467468,11.242505756648 49.500825809759)",ff7cff79
"LINESTRING (11.242584042688 49.500867099561,11.242560020894 49.500782467468)",ff0aff04
"LINESTRING (11.242584042688 49.500867099561,11.242361829976 49.500843085414)",ff7cff79
"LINESTRING (11.242584042688 49.500867099561,11.242505756648 49.500825809759)",ff7cff79
"LINESTRING (10.192120505575 49.911654437417,10.192120512760 49.911824864160)",ff0aff04
"LINESTRING (10.192120512760 49.911824864160,10.192120505575 49.911654437417)",ff0aff04
"LINESTRING (10.199190830098 49.905394438508,10.198893104896 49.905247602398)",ff0aff04
"LINESTRING (11.701647409084 50.327731511343,11.701909389364 50.327644348195)",ff0aff04
"LINESTRING (11.064538513492 49.462205467076,11.064409104092 49.462178150710)",ff0aff04
"LINESTRING (11.064409104092 49.462178150710,11.064538513492 49.462205467076)",ff0aff04
"LINESTRING (10.990007957224 49.469159553012,10.990108525690 49.469183732685)",ff7cff79
"LINESTRING (10.990007957224 49.469159553012,10.989969769866 49.469120625337)",ff0aff04
"LINESTRING (11.309635476179 49.253178601881,11.309506757077 49.253117322552)",ff0aff04
"LINESTRING (11.309506757077 49.253117322552,11.309401466003 49.253167227643)",ff0aff04
"LINESTRING (11.309506757077 49.253117322552,11.309635476179 49.253178601881)",ff7cff79
"LINESTRING (11.190614378381 49.787469017213,11.190314959935 49.787040394459)",ff7cff79
"LINESTRING (11.190614378381 49.787469017213,11.190484305617 49.786815921574)",ff7cff79
"LINESTRING (11.190614378381 49.787469017213,11.190441383086 49.787138025767)",ff0aff04
"LINESTRING (11.190419875108 49.786846841108,11.190314959935 49.787040394459)",ff0aff04
"LINESTRING (11.190419875108 49.786846841108,11.190484305617 49.786815921574)",ff0aff04
"LINESTRING (11.190419875108 49.786846841108,11.190614378381 49.787469017213)",ff0aff04
"LINESTRING (11.190419875108 49.786846841108,11.190441383086 49.787138025767)",ff0aff04
"LINESTRING (11.190441383086 49.787138025767,11.190314959935 49.787040394459)",ff0aff04
"LINESTRING (11.190441383086 49.787138025767,11.190614378381 49.787469017213)",ff0aff04
"LINESTRING (11.190484305617 49.786815921574,11.190314959935 49.787040394459)",ff0aff04
"LINESTRING (11.190484305617 49.786815921574,11.190614378381 49.787469017213)",ff0aff04
"LINESTRING (11.190484305617 49.786815921574,11.190419875108 49.786846841108)",ff0aff04
"LINESTRING (11.190484305617 49.786815921574,11.190441383086 49.787138025767)",ff0aff04
"LINESTRING (12.876857956468 47.724324477682,12.876673912827 47.724465994424)",ff0aff04
"LINESTRING (12.876697016742 47.722391019851,12.876485566147 47.722398464961)",ff0aff04
"LINESTRING (12.876697016742 47.722391019851,12.876405989876 47.722315378188)",ff0aff04
"LINESTRING (10.532641769001 50.122208047101,10.532659140882 50.122259633162)",ff7cff79
"LINESTRING (10.532641769001 50.122208047101,10.532584046217 50.122269488188)",ff7cff79
"LINESTRING (10.532641769001 50.122208047101,10.534295281195 50.124206301338)",ff79ebff
"LINESTRING (10.532641769001 50.122208047101,10.532605518262 50.122272680113)",ff79ebff
"LINESTRING (10.532659140882 50.122259633162,10.533911030908 50.123538052059)",ff79ebff
"LINESTRING (10.532659140882 50.122259633162,10.532641769001 50.122208047101)",ff0aff04
"LINESTRING (10.532659140882 50.122259633162,10.532584046217 50.122269488188)",ff7cff79
"LINESTRING (10.532659140882 50.122259633162,10.534295281195 50.124206301338)",ff7cff79
"LINESTRING (10.532659140882 50.122259633162,10.532605518262 50.122272680113)",ff79ebff
"LINESTRING (10.532584046217 50.122269488188,10.533911030908 50.123538052059)",ff79ebff
"LINESTRING (10.532584046217 50.122269488188,10.532659140882 50.122259633162)",ff0aff04
"LINESTRING (10.532584046217 50.122269488188,10.532641769001 50.122208047101)",ff0aff04
"LINESTRING (10.532584046217 50.122269488188,10.532605518262 50.122272680113)",ff7cff79
"LINESTRING (10.505220157035 50.031364016198,10.505233519623 50.031366574210)",ff0aff04
"LINESTRING (10.505220157035 50.031364016198,10.505244296914 50.031244384795)",ff7cff79
"LINESTRING (11.243965621021 49.495742151155,11.244048917570 49.495665890138)",ff7cff79
"LINESTRING (11.243965621021 49.495742151155,11.243985294262 49.495788794808)",ff7cff79
"LINESTRING (11.244048917570 49.495665890138,11.243830935961 49.495751636494)",ff0aff04
"LINESTRING (11.244048917570 49.495665890138,11.243965621021 49.495742151155)",ff0aff04
"LINESTRING (11.244048917570 49.495665890138,11.243985294262 49.495788794808)",ff0aff04
"LINESTRING (11.243985294262 49.495788794808,11.243830935961 49.495751636494)",ff0aff04
"LINESTRING (11.243985294262 49.495788794808,11.244048917570 49.495665890138)",ff0aff04
"LINESTRING (11.243985294262 49.495788794808,11.243965621021 49.495742151155)",ff0aff04
"LINESTRING (10.512596210265 50.036751556466,10.512794708107 50.036744656144)",ff0aff04
"LINESTRING (10.512596210265 50.036751556466,10.509678060703 50.031500082023)",ff53acff
"LINESTRING (10.988175049734 49.478515409948,10.988013761753 49.478488923702)",ff79ebff
"LINESTRING (10.988175049734 49.478515409948,10.988309167371 49.478531089755)",ff0aff04
"LINESTRING (10.988309167371 49.478531089755,10.988175049734 49.478515409948)",ff0aff04
"LINESTRING (11.243830935961 49.495751636494,11.243985294262 49.495788794808)",ff0aff04
"LINESTRING (10.989969769866 49.469120625337,10.990108525690 49.469183732685)",ff7cff79
"LINESTRING (10.989969769866 49.469120625337,10.990007957224 49.469159553012)",ff0aff04
"LINESTRING (10.987932004685 49.478455806537,10.988013761753 49.478488923702)",ff1e1eff
"LINESTRING (11.082450305294 49.441591835416,11.082519999608 49.441460866352)",ff0aff04
"LINESTRING (10.198893104896 49.905247602398,10.199190830098 49.905394438508)",ff0aff04
"LINESTRING (11.089809721608 49.466785699018,11.089671298130 49.466811976371)",ff0aff04
"LINESTRING (12.875284896871 47.726267065152,12.875267415102 47.726501862062)",ff79ebff
"LINESTRING (10.509130810591 50.031317615582,10.509616168251 50.031446485696)",ff79ebff
"LINESTRING (9.2143972461654 49.807416369997,9.2145250643067 49.807540682059)",ff0aff04
"LINESTRING (10.974920517143 49.478231167848,10.974855534625 49.478257850026)",ff0aff04
"LINESTRING (11.187370260951 49.779739119520,11.186943746598 49.780126762244)",ff6a6aff
"LINESTRING (10.907192086057 49.906796215013,10.907234792992 49.906760208130)",ff53acff
"LINESTRING (11.055832553918 49.446179794221,11.053243645095 49.450160008995)",ff53acff
"LINESTRING (11.055832553918 49.446179794221,11.055030060975 49.448209509194)",ff6a6aff
"LINESTRING (11.055832553918 49.446179794221,11.055931268830 49.446185319299)",ff0aff04
"LINESTRING (11.055832553918 49.446179794221,11.055852987290 49.446214623155)",ff1e1eff
"LINESTRING (11.055832553918 49.446179794221,11.055852987290 49.446214623155)",ff0aff04
"LINESTRING (11.055832553918 49.446179794221,11.055853520702 49.446146658295)",ff0aff04
"LINESTRING (11.033452519244 49.456212582840,11.033663730040 49.456433523359)",ff79ebff
"LINESTRING (10.990108525690 49.469183732685,10.989969769866 49.469120625337)",ff7cff79
"LINESTRING (10.990108525690 49.469183732685,10.990007957224 49.469159553012)",ff0aff04
"LINESTRING (12.877034321356 47.724608863270,12.876853730501 47.724644459637)",ff0aff04
"LINESTRING (11.060833676357 49.445702782571,11.060576905151 49.445723812744)",ff6a6aff
"LINESTRING (11.326855858555 49.610507506000,11.326861251719 49.610542247728)",ff0aff04
"LINESTRING (11.326855858555 49.610507506000,11.326922935341 49.610629153166)",ff0aff04
"LINESTRING (11.326855858555 49.610507506000,11.326928292573 49.610570065307)",ff0aff04
"LINESTRING (11.326855858555 49.610507506000,11.326778074493 49.610537052304)",ff7cff79
"LINESTRING (11.326928292573 49.610570065307,11.326861251719 49.610542247728)",ff0aff04
"LINESTRING (11.326928292573 49.610570065307,11.326855858555 49.610507506000)",ff0aff04
"LINESTRING (11.326928292573 49.610570065307,11.326778074493 49.610537052304)",ff7cff79
"LINESTRING (11.326778074493 49.610537052304,11.326861251719 49.610542247728)",ff0aff04
"LINESTRING (11.326778074493 49.610537052304,11.326928292573 49.610570065307)",ff0aff04
"LINESTRING (11.326778074493 49.610537052304,11.326855858555 49.610507506000)",ff7cff79
"LINESTRING (11.340733636745 49.604052059559,11.340615605175 49.604170961366)",ff0aff04
"LINESTRING (10.907234792992 49.906760208130,10.907192086057 49.906796215013)",ff7cff79
"LINESTRING (11.055030060975 49.448209509194,11.055832553918 49.446179794221)",ff53acff
"LINESTRING (11.055030060975 49.448209509194,11.054971066749 49.448058290517)",ff0aff04
"LINESTRING (11.055207050838 49.448157334856,11.054971066749 49.448058290517)",ff7cff79
"LINESTRING (10.523191592055 50.137945520226,10.523229854229 50.138205137124)",ff0aff04
"LINESTRING (11.283544910050 49.513014280364,11.283251229722 49.513214537549)",ff1e1eff
"LINESTRING (9.7836360868263 50.166288888064,9.7837806889502 50.166317727248)",ff0aff04
"LINESTRING (9.7836360868263 50.166288888064,9.7837806889502 50.166317727248)",ff0aff04
"LINESTRING (11.309401466003 49.253167227643,11.309506757077 49.253117322552)",ff0aff04
"LINESTRING (11.594019998428 49.917004619413,11.593939496225 49.916975282433)",ff0aff04
"LINESTRING (11.593939496225 49.916975282433,11.594019998428 49.917004619413)",ff0aff04
"LINESTRING (10.892847560378 49.901716284988,10.892890547590 49.901734361179)",ff0aff04
"LINESTRING (11.082298054000 49.448933363877,11.082029869029 49.448727738403)",ff4949ff
"LINESTRING (11.082298054000 49.448933363877,11.082149942793 49.448860219931)",ff0aff04
"LINESTRING (11.082029869029 49.448727738403,11.081888050375 49.448673562876)",ff0aff04
"LINESTRING (11.082029869029 49.448727738403,11.081777741384 49.448204955863)",ff0aff04
"LINESTRING (11.082029869029 49.448727738403,11.082149942793 49.448860219931)",ff0aff04
"LINESTRING (11.081888050375 49.448673562876,11.082029869029 49.448727738403)",ff79ebff
"LINESTRING (11.081777741384 49.448204955863,11.081577678106 49.448094394241)",ff7cff79
"LINESTRING (11.081777741384 49.448204955863,11.082029869029 49.448727738403)",ff1e1eff
"LINESTRING (11.081777741384 49.448204955863,11.082029869029 49.448727738403)",ff0aff04
"LINESTRING (11.081777741384 49.448204955863,11.082149942793 49.448860219931)",ff0aff04
"LINESTRING (11.081577678106 49.448094394241,11.081777741384 49.448204955863)",ff7cff79
"LINESTRING (10.522686544034 50.137472568065,10.523577173971 50.137909355360)",ff0aff04
"LINESTRING (10.828742808047 49.910203355343,10.828761779265 49.910230128488)",ff0aff04
"LINESTRING (10.828742808047 49.910203355343,10.828609164578 49.910264593561)",ff0aff04
"LINESTRING (10.998106998700 49.463686015742,10.998161649846 49.463542736190)",ff79ebff
"LINESTRING (10.998106998700 49.463686015742,10.998186953118 49.463707814345)",ff0aff04
"LINESTRING (10.997638820312 49.482665439484,10.995742376365 49.481875214149)",ff7cff79
"LINESTRING (10.997638820312 49.482665439484,10.997723367389 49.482647508084)",ff0aff04
"LINESTRING (10.997638820312 49.482665439484,10.997723367389 49.482647508084)",ff1e1eff
"LINESTRING (10.968477851090 49.566593280313,10.968332968684 49.566381078604)",ff0aff04
"LINESTRING (10.328474595409 49.934970778804,10.324798656699 49.934743483482)",ff0aff04
"LINESTRING (10.324798656699 49.934743483482,10.328474595409 49.934970778804)",ff79ebff
"LINESTRING (11.069929746424 49.466917930913,11.069763442280 49.466816833779)",ff7cff79
"LINESTRING (11.054971066749 49.448058290517,11.055030060975 49.448209509194)",ff1e1eff
"LINESTRING (11.054971066749 49.448058290517,11.055030060975 49.448209509194)",ff0aff04
"LINESTRING (11.054971066749 49.448058290517,11.055207050838 49.448157334856)",ff0aff04
"LINESTRING (10.905760897578 49.903194233080,10.905907293565 49.903146024822)",ff0aff04
"LINESTRING (10.905760897578 49.903194233080,10.905824123530 49.903251419846)",ff0aff04
"LINESTRING (10.905760897578 49.903194233080,10.906011849413 49.903270117574)",ff0aff04
"LINESTRING (10.905760897578 49.903194233080,10.906226368641 49.903003867139)",ff0aff04
"LINESTRING (10.905760897578 49.903194233080,10.906019831361 49.903335774200)",ff0aff04
"LINESTRING (10.986920790328 49.479875247205,10.986904718631 49.479970208711)",ff0aff04
"LINESTRING (10.986920790328 49.479875247205,10.986885822810 49.479674291078)",ff0aff04
"LINESTRING (10.906019831361 49.903335774200,10.905907293565 49.903146024822)",ff0aff04
"LINESTRING (10.906019831361 49.903335774200,10.905995813650 49.903130472135)",ff0aff04
"LINESTRING (10.906019831361 49.903335774200,10.905824123530 49.903251419846)",ff0aff04
"LINESTRING (10.906019831361 49.903335774200,10.906011849413 49.903270117574)",ff79ebff
"LINESTRING (10.906019831361 49.903335774200,10.906011849413 49.903270117574)",ff0aff04
"LINESTRING (10.906019831361 49.903335774200,10.906226368641 49.903003867139)",ff0aff04
"LINESTRING (10.906019831361 49.903335774200,10.905760897578 49.903194233080)",ff79ebff
"LINESTRING (10.906019831361 49.903335774200,10.905760897578 49.903194233080)",ff0aff04
"LINESTRING (10.997464512660 49.692763275923,10.997367282582 49.692808561584)",ff7cff79
"LINESTRING (10.997464512660 49.692763275923,10.997408856822 49.692662125858)",ff0aff04
"LINESTRING (10.997408856822 49.692662125858,10.997367282582 49.692808561584)",ff7cff79
"LINESTRING (10.997408856822 49.692662125858,10.997464512660 49.692763275923)",ff0aff04
"LINESTRING (10.892890547590 49.901734361179,10.892847560378 49.901716284988)",ff0aff04
"LINESTRING (11.047503825598 49.722587136330,11.047525204216 49.722541777797)",ff79ebff
"LINESTRING (11.047503825598 49.722587136330,11.047369707962 49.722528184301)",ff7cff79
"LINESTRING (11.047503825598 49.722587136330,11.049115811658 49.723190585064)",ff53acff
"LINESTRING (10.033736099185 50.132502711767,10.033698433274 50.132556890748)",ff0aff04
"LINESTRING (11.543985985231 49.950398539336,11.544093316708 49.950429577220)",ff0aff04
"LINESTRING (10.523229854229 50.138205137124,10.523191592055 50.137945520226)",ff0aff04
"LINESTRING (12.981502560336 47.841011714516,12.981615148435 47.841185174490)",ff79ebff
"LINESTRING (11.326922935341 49.610629153166,11.326928292573 49.610570065307)",ff0aff04
"LINESTRING (11.326922935341 49.610629153166,11.326855858555 49.610507506000)",ff0aff04
"LINESTRING (10.966522556652 49.472105209989,10.966847046450 49.472000670347)",ff0aff04
"LINESTRING (10.966847046450 49.472000670347,10.966522556652 49.472105209989)",ff0aff04
"LINESTRING (11.544093316708 49.950429577220,11.543985985231 49.950398539336)",ff7cff79
"LINESTRING (10.520334376088 50.035782787925,10.520278951355 50.035814110989)",ff0aff04
"LINESTRING (10.520334376088 50.035782787925,10.520344566075 50.035830938974)",ff0aff04
"LINESTRING (10.520334376088 50.035782787925,10.509678060703 50.031500082023)",ff4949ff
"LINESTRING (11.326861251719 49.610542247728,11.326928292573 49.610570065307)",ff0aff04
"LINESTRING (11.326861251719 49.610542247728,11.326855858555 49.610507506000)",ff0aff04
"LINESTRING (11.326861251719 49.610542247728,11.326778074493 49.610537052304)",ff0aff04
"LINESTRING (10.958207600906 49.473228924052,10.958331047198 49.473225396209)",ff0aff04
"LINESTRING (12.876853730501 47.724644459637,12.877034321356 47.724608863270)",ff0aff04
"LINESTRING (12.875267415102 47.726501862062,12.876184742060 47.726042008581)",ff6a6aff
"LINESTRING (12.875267415102 47.726501862062,12.875284896871 47.726267065152)",ff53acff
"LINESTRING (12.875267415102 47.726501862062,12.875263439198 47.726370358394)",ff6a6aff
"LINESTRING (10.160721903481 50.536163782678,10.160923754083 50.536064860198)",ff0aff04
"LINESTRING (12.538332618847 47.896517900624,12.536847422237 47.896881057518)",ff0aff04
"LINESTRING (10.982540622648 49.472618724976,10.982487488567 49.472538218667)",ff79ebff
"LINESTRING (10.982540622648 49.472618724976,10.982572379267 49.472687479621)",ff0aff04
"LINESTRING (10.982487488567 49.472538218667,10.982540622648 49.472618724976)",ff0aff04
"LINESTRING (10.982572379267 49.472687479621,10.982487488567 49.472538218667)",ff6a6aff
"LINESTRING (10.982572379267 49.472687479621,10.982540622648 49.472618724976)",ff7cff79
"LINESTRING (10.033698433274 50.132556890748,10.033736099185 50.132502711767)",ff0aff04
"LINESTRING (10.958331047198 49.473225396209,10.958207600906 49.473228924052)",ff0aff04
"LINESTRING (11.069763442280 49.466816833779,11.069929746424 49.466917930913)",ff7cff79
"LINESTRING (11.088155356680 49.447751343710,11.092973547662 49.445545837931)",ff0aff04
"LINESTRING (10.523577173971 50.137909355360,10.522686544034 50.137472568065)",ff7cff79
"LINESTRING (10.520344566075 50.035830938974,10.520278951355 50.035814110989)",ff0aff04
"LINESTRING (10.520344566075 50.035830938974,10.520334376088 50.035782787925)",ff7cff79
"LINESTRING (10.160923754083 50.536064860198,10.160721903481 50.536163782678)",ff7cff79
"LINESTRING (10.995742376365 49.481875214149,10.997638820312 49.482665439484)",ff6a6aff
"LINESTRING (11.188574594358 49.780686870084,11.188582648173 49.780679937673)",ff7cff79
"LINESTRING (9.8780619859501 49.779256251267,9.8778393769755 49.779237190048)",ff0aff04
"LINESTRING (9.8778393769755 49.779237190048,9.8780619859501 49.779256251267)",ff0aff04
"LINESTRING (9.8778393769755 49.779237190048,9.8772305155297 49.779214096762)",ff0aff04
"LINESTRING (9.8772305155297 49.779214096762,9.8778393769755 49.779237190048)",ff0aff04
"LINESTRING (9.8590839873199 49.656184755752,9.8589311786448 49.656175738925)",ff0aff04
"LINESTRING (9.8589311786448 49.656175738925,9.8590839873199 49.656184755752)",ff0aff04
"LINESTRING (10.997367282582 49.692808561584,10.997464512660 49.692763275923)",ff0aff04
"LINESTRING (10.997367282582 49.692808561584,10.997408856822 49.692662125858)",ff0aff04
"LINESTRING (11.092973547662 49.445545837931,11.088155356680 49.447751343710)",ff79ebff
"LINESTRING (11.118748884159 49.435133694196,11.118827077711 49.435124270518)",ff0aff04
"LINESTRING (11.118748884159 49.435133694196,11.118827077711 49.435124270518)",ff0aff04
"LINESTRING (11.118748884159 49.435133694196,11.118657427784 49.435126747367)",ff0aff04
"LINESTRING (11.118748884159 49.435133694196,11.118730804367 49.435056957469)",ff0aff04
"LINESTRING (11.118748884159 49.435133694196,11.118730804367 49.435056957469)",ff0aff04
"LINESTRING (11.118748884159 49.435133694196,11.118684430881 49.435193678151)",ff0aff04
"LINESTRING (12.536847422237 47.896881057518,12.538332618847 47.896517900624)",ff0aff04
"LINESTRING (12.876405989876 47.722315378188,12.876697016742 47.722391019851)",ff0aff04
"LINESTRING (12.876405989876 47.722315378188,12.876126614774 47.722415519591)",ff0aff04
"LINESTRING (10.515629101714 50.026300890994,10.515770947097 50.026235582881)",ff79ebff
"LINESTRING (10.515629101714 50.026300890994,10.516281088853 50.025988071795)",ff53acff
"LINESTRING (10.515629101714 50.026300890994,10.515627113639 50.026398888728)",ff0aff04
"LINESTRING (10.515629101714 50.026300890994,10.515806685094 50.026254851403)",ff79ebff
"LINESTRING (9.2145250643067 49.807540682059,9.2143972461654 49.807416369997)",ff0aff04
"LINESTRING (10.534343517838 50.124101775207,10.534295281195 50.124206301338)",ff79ebff
"LINESTRING (11.188582648173 49.780679937673,11.188574594358 49.780686870084)",ff4949ff
"LINESTRING (9.9715349081509 49.979201580859,9.9714149080475 49.979086574261)",ff7cff79
"LINESTRING (9.9131546891561 49.798666384822,9.9147639427005 49.799468361215)",ff79ebff
"LINESTRING (9.9131546891561 49.798666384822,9.9149543364200 49.799846056874)",ff0aff04
"LINESTRING (10.534295281195 50.124206301338,10.534343517838 50.124101775207)",ff7cff79
"LINESTRING (10.534295281195 50.124206301338,10.533911030908 50.123538052059)",ff0aff04
"LINESTRING (10.534295281195 50.124206301338,10.532659140882 50.122259633162)",ff79ebff
"LINESTRING (10.534295281195 50.124206301338,10.532584046217 50.122269488188)",ff79ebff
"LINESTRING (10.990640994486 49.467259565058,10.990662452157 49.466924884762)",ff0aff04
"LINESTRING (10.990640994486 49.467259565058,10.990780591965 49.467217652233)",ff0aff04
"LINESTRING (10.990640994486 49.467259565058,10.990710624123 49.467243947026)",ff0aff04
"LINESTRING (9.9714149080475 49.979086574261,9.9715349081509 49.979201580859)",ff0aff04
"LINESTRING (10.906226368641 49.903003867139,10.905907293565 49.903146024822)",ff0aff04
"LINESTRING (10.906226368641 49.903003867139,10.905824123530 49.903251419846)",ff0aff04
"LINESTRING (10.906226368641 49.903003867139,10.906011849413 49.903270117574)",ff0aff04
"LINESTRING (10.906226368641 49.903003867139,10.905760897578 49.903194233080)",ff0aff04
"LINESTRING (10.906226368641 49.903003867139,10.906019831361 49.903335774200)",ff0aff04
"LINESTRING (10.906011849413 49.903270117574,10.905907293565 49.903146024822)",ff0aff04
"LINESTRING (10.906011849413 49.903270117574,10.905995813650 49.903130472135)",ff79ebff
"LINESTRING (10.906011849413 49.903270117574,10.905824123530 49.903251419846)",ff0aff04
"LINESTRING (10.906011849413 49.903270117574,10.906226368641 49.903003867139)",ff0aff04
"LINESTRING (10.906011849413 49.903270117574,10.905760897578 49.903194233080)",ff7cff79
"LINESTRING (10.906011849413 49.903270117574,10.905760897578 49.903194233080)",ff0aff04
"LINESTRING (10.906011849413 49.903270117574,10.906019831361 49.903335774200)",ff0aff04
"LINESTRING (9.9147639427005 49.799468361215,9.9131546891561 49.798666384822)",ff1e1eff
"LINESTRING (10.905907293565 49.903146024822,10.905824123530 49.903251419846)",ff0aff04
"LINESTRING (10.905907293565 49.903146024822,10.906011849413 49.903270117574)",ff0aff04
"LINESTRING (10.905907293565 49.903146024822,10.906226368641 49.903003867139)",ff0aff04
"LINESTRING (10.905907293565 49.903146024822,10.905760897578 49.903194233080)",ff0aff04
"LINESTRING (10.905907293565 49.903146024822,10.906019831361 49.903335774200)",ff0aff04
"LINESTRING (10.905824123530 49.903251419846,10.905907293565 49.903146024822)",ff0aff04
"LINESTRING (10.905824123530 49.903251419846,10.906011849413 49.903270117574)",ff0aff04
"LINESTRING (10.905824123530 49.903251419846,10.906226368641 49.903003867139)",ff0aff04
"LINESTRING (10.905824123530 49.903251419846,10.905760897578 49.903194233080)",ff0aff04
"LINESTRING (10.905824123530 49.903251419846,10.906019831361 49.903335774200)",ff0aff04
"LINESTRING (10.905995813650 49.903130472135,10.906011849413 49.903270117574)",ff53acff
"LINESTRING (10.905995813650 49.903130472135,10.906019831361 49.903335774200)",ff53acff
"LINESTRING (10.990662452157 49.466924884762,10.990640994486 49.467259565058)",ff0aff04
"LINESTRING (10.990662452157 49.466924884762,10.990780591965 49.467217652233)",ff0aff04
"LINESTRING (10.990662452157 49.466924884762,10.990710624123 49.467243947026)",ff0aff04
